dataset,n_runs,mean_accuracy,std_accuracy
digits,10,0.9306666666666666,0.009703420974111268
iris,10,0.9052631578947368,0.03961961330047794
wine,10,0.9355555555555556,0.04248779377688885
